Description,Price,Rating,ReviewCount,Url
ROSKIKI Womens Crochet Hollow-Out Sleeve Button Down Ribbed Knitted Pullover Tops,$21.99,4.3 out of 5 stars,834,https://www.amazon.com/Morhuduck-Hoodies-Sweatshirt-Drawstring-Pullover/dp/B09BVM5MB3/ref=sr_1_3?crid=1V890I551MG9P&keywords=womens+clothes&qid=1644300524&sprefix=women%27s+clothes%2Caps%2C272&sr=8-3
Miusey Womens Sleeveless Round Neck Loose Fit Racerback Yoga Tank Top,$18.99,4.3 out of 5 stars,"4,223",https://www.amazon.com/Morhuduck-Hoodies-Sweatshirt-Drawstring-Pullover/dp/B09BVM5MB3/ref=sr_1_3?crid=1V890I551MG9P&keywords=womens+clothes&qid=1644300524&sprefix=women%27s+clothes%2Caps%2C272&sr=8-3
Bofell Lounge Sets for Women Two Piece Outfits with Pockets Loose Fit,$30.59,4.3 out of 5 stars,500,https://www.amazon.com/Morhuduck-Hoodies-Sweatshirt-Drawstring-Pullover/dp/B09BVM5MB3/ref=sr_1_3?crid=1V890I551MG9P&keywords=womens+clothes&qid=1644300524&sprefix=women%27s+clothes%2Caps%2C272&sr=8-3
Morhuduck Women's V Neck Hoodies Long Sleeve Sweatshirt Drawstring Pullover Tops with Pocket,$21.99,4.3 out of 5 stars,217,https://www.amazon.com/Morhuduck-Hoodies-Sweatshirt-Drawstring-Pullover/dp/B09BVM5MB3/ref=sr_1_3?crid=1V890I551MG9P&keywords=womens+clothes&qid=1644300524&sprefix=women%27s+clothes%2Caps%2C272&sr=8-3
Ezymall Womens Casual Hoodies Pullover Tops Drawstring Long Sleeve Sweatshirts Fall Clothes With Pocket,$29.99,4.3 out of 5 stars,"1,187",https://www.amazon.com/Morhuduck-Hoodies-Sweatshirt-Drawstring-Pullover/dp/B09BVM5MB3/ref=sr_1_3?crid=1V890I551MG9P&keywords=womens+clothes&qid=1644300524&sprefix=women%27s+clothes%2Caps%2C272&sr=8-3
"YOUNGCHARM 4 Pack Leggings with Pockets for Women,High Waist Tummy Control Workout Yoga Pants",$47.99,4.3 out of 5 stars,"2,561",https://www.amazon.com/Morhuduck-Hoodies-Sweatshirt-Drawstring-Pullover/dp/B09BVM5MB3/ref=sr_1_3?crid=1V890I551MG9P&keywords=womens+clothes&qid=1644300524&sprefix=women%27s+clothes%2Caps%2C272&sr=8-3
FAFOFA Workout Outfits for Women 2 Piece Ribbed Seamless Crop Tank High Waist Yoga Leggings Sets,$35.99,4.3 out of 5 stars,"4,747",https://www.amazon.com/Morhuduck-Hoodies-Sweatshirt-Drawstring-Pullover/dp/B09BVM5MB3/ref=sr_1_3?crid=1V890I551MG9P&keywords=womens+clothes&qid=1644300524&sprefix=women%27s+clothes%2Caps%2C272&sr=8-3
3 Pack Womens Leggings-No See-Through High Waisted Tummy Control Yoga Pants Workout Running Legging-Reg&Plus Size,$20.85,4.3 out of 5 stars,"29,471",https://www.amazon.com/Morhuduck-Hoodies-Sweatshirt-Drawstring-Pullover/dp/B09BVM5MB3/ref=sr_1_3?crid=1V890I551MG9P&keywords=womens+clothes&qid=1644300524&sprefix=women%27s+clothes%2Caps%2C272&sr=8-3
"Champion Women's Powerblend Joggers, Script Logo",$19.78,4.3 out of 5 stars,"11,417",https://www.amazon.com/Morhuduck-Hoodies-Sweatshirt-Drawstring-Pullover/dp/B09BVM5MB3/ref=sr_1_3?crid=1V890I551MG9P&keywords=womens+clothes&qid=1644300524&sprefix=women%27s+clothes%2Caps%2C272&sr=8-3
esstive Women's Ultra Soft Fleece Comfortable Basic Active Lounge Lightweight Casual Solid Pullover Hoodie Sweatshirt,$29.00,4.3 out of 5 stars,"2,955",https://www.amazon.com/Morhuduck-Hoodies-Sweatshirt-Drawstring-Pullover/dp/B09BVM5MB3/ref=sr_1_3?crid=1V890I551MG9P&keywords=womens+clothes&qid=1644300524&sprefix=women%27s+clothes%2Caps%2C272&sr=8-3
FARORO Hooded Sweatshirts for Women Hoodies Pullover Casual Sports Top Button Down Shirt with Pockets,$28.99,4.3 out of 5 stars,281,https://www.amazon.com/Morhuduck-Hoodies-Sweatshirt-Drawstring-Pullover/dp/B09BVM5MB3/ref=sr_1_3?crid=1V890I551MG9P&keywords=womens+clothes&qid=1644300524&sprefix=women%27s+clothes%2Caps%2C272&sr=8-3
VICHYIE Womens Ribbed Knit Henley Long Sleeves Tunic Lace Tops V Neck Button Shirts Casual Slim Fit Blouses,$22.99,4.3 out of 5 stars,"4,085",https://www.amazon.com/Morhuduck-Hoodies-Sweatshirt-Drawstring-Pullover/dp/B09BVM5MB3/ref=sr_1_3?crid=1V890I551MG9P&keywords=womens+clothes&qid=1644300524&sprefix=women%27s+clothes%2Caps%2C272&sr=8-3
MOERDENG Women's Waterproof Ski Jacket Warm Winter Snow Coat Mountain Windbreaker Hooded Raincoat Jacket,$59.49,4.3 out of 5 stars,"21,741",https://www.amazon.com/Morhuduck-Hoodies-Sweatshirt-Drawstring-Pullover/dp/B09BVM5MB3/ref=sr_1_3?crid=1V890I551MG9P&keywords=womens+clothes&qid=1644300524&sprefix=women%27s+clothes%2Caps%2C272&sr=8-3
Geifa Sweatshirts for Women Crewneck Color Block Sweaters Long Sleeve Tunic Tops,$26.99,4.3 out of 5 stars,912,https://www.amazon.com/Morhuduck-Hoodies-Sweatshirt-Drawstring-Pullover/dp/B09BVM5MB3/ref=sr_1_3?crid=1V890I551MG9P&keywords=womens+clothes&qid=1644300524&sprefix=women%27s+clothes%2Caps%2C272&sr=8-3
Buttergene Women Workout Sets 2 Pieces Long Sleeve Yoga Outfits Gym Clothes Seamless Ribbed Crop Top High Waist Leggings,$29.99,4.3 out of 5 stars,48,https://www.amazon.com/Morhuduck-Hoodies-Sweatshirt-Drawstring-Pullover/dp/B09BVM5MB3/ref=sr_1_3?crid=1V890I551MG9P&keywords=womens+clothes&qid=1644300524&sprefix=women%27s+clothes%2Caps%2C272&sr=8-3
Topstype Women's Long Sleeve Tunics Color Block Cutout Sweatshirt Loose Fit Tops,$19.98,4.3 out of 5 stars,"18,336",https://www.amazon.com/Morhuduck-Hoodies-Sweatshirt-Drawstring-Pullover/dp/B09BVM5MB3/ref=sr_1_3?crid=1V890I551MG9P&keywords=womens+clothes&qid=1644300524&sprefix=women%27s+clothes%2Caps%2C272&sr=8-3
Lemedy Women Padded Sports Bra Fitness Workout Running Shirts Yoga Tank Top,$20.39,4.3 out of 5 stars,"46,114",https://www.amazon.com/Morhuduck-Hoodies-Sweatshirt-Drawstring-Pullover/dp/B09BVM5MB3/ref=sr_1_3?crid=1V890I551MG9P&keywords=womens+clothes&qid=1644300524&sprefix=women%27s+clothes%2Caps%2C272&sr=8-3
BLENCOT Women's Lightweight Color Block Hooded Sweaters Drawstring Hoodies Pullover Sweatshirts,$30.95,4.3 out of 5 stars,"4,654",https://www.amazon.com/Morhuduck-Hoodies-Sweatshirt-Drawstring-Pullover/dp/B09BVM5MB3/ref=sr_1_3?crid=1V890I551MG9P&keywords=womens+clothes&qid=1644300524&sprefix=women%27s+clothes%2Caps%2C272&sr=8-3
Lee Women's Flex Motion Regular Fit Trouser Pant,$50.00,4.3 out of 5 stars,"8,007",https://www.amazon.com/Morhuduck-Hoodies-Sweatshirt-Drawstring-Pullover/dp/B09BVM5MB3/ref=sr_1_3?crid=1V890I551MG9P&keywords=womens+clothes&qid=1644300524&sprefix=women%27s+clothes%2Caps%2C272&sr=8-3
Heathyoga Bootcut Yoga Pants for Women with Pockets High Waisted Workout Pants for Women Bootleg Work Pants Dress Pants,$31.99,4.3 out of 5 stars,"16,814",https://www.amazon.com/Morhuduck-Hoodies-Sweatshirt-Drawstring-Pullover/dp/B09BVM5MB3/ref=sr_1_3?crid=1V890I551MG9P&keywords=womens+clothes&qid=1644300524&sprefix=women%27s+clothes%2Caps%2C272&sr=8-3
"HISKYWIN Inner Pocket Yoga Pants 4 Way Stretch Tummy Control Workout Running Pants, Long Bootleg Flare Pants",$21.21,4.3 out of 5 stars,"18,128",https://www.amazon.com/Morhuduck-Hoodies-Sweatshirt-Drawstring-Pullover/dp/B09BVM5MB3/ref=sr_1_3?crid=1V890I551MG9P&keywords=womens+clothes&qid=1644300524&sprefix=women%27s+clothes%2Caps%2C272&sr=8-3
Libin Women's Cargo Joggers Lightweight Quick Dry Hiking Pants Athletic Workout Lounge Casual Outdoor,$31.98,4.3 out of 5 stars,"5,183",https://www.amazon.com/Morhuduck-Hoodies-Sweatshirt-Drawstring-Pullover/dp/B09BVM5MB3/ref=sr_1_3?crid=1V890I551MG9P&keywords=womens+clothes&qid=1644300524&sprefix=women%27s+clothes%2Caps%2C272&sr=8-3
FOLUNSI Womenâ€™s Plus Size Short Sleeve Henley Shirt V Neck Floral Blouses Tunic Tops M-4XL,$24.99,4.3 out of 5 stars,"18,373",https://www.amazon.com/Morhuduck-Hoodies-Sweatshirt-Drawstring-Pullover/dp/B09BVM5MB3/ref=sr_1_3?crid=1V890I551MG9P&keywords=womens+clothes&qid=1644300524&sprefix=women%27s+clothes%2Caps%2C272&sr=8-3
"ODODOS Women's Cross Waist Yoga Leggings with Pocket, Workout Running Tights Gym Athletic Leggings",$22.98,4.3 out of 5 stars,"1,476",https://www.amazon.com/Morhuduck-Hoodies-Sweatshirt-Drawstring-Pullover/dp/B09BVM5MB3/ref=sr_1_3?crid=1V890I551MG9P&keywords=womens+clothes&qid=1644300524&sprefix=women%27s+clothes%2Caps%2C272&sr=8-3
CATHY Women's Casual Drawstring Pullover Tunic Top Long Sleeve Color Block Hoodie Sweatshirts With Pocket,$23.99,4.3 out of 5 stars,812,https://www.amazon.com/Morhuduck-Hoodies-Sweatshirt-Drawstring-Pullover/dp/B09BVM5MB3/ref=sr_1_3?crid=1V890I551MG9P&keywords=womens+clothes&qid=1644300524&sprefix=women%27s+clothes%2Caps%2C272&sr=8-3
Amazon Essentials Women's 6-Pack Performance Cotton Cushioned Athletic No-Show Socks,$14.00,4.3 out of 5 stars,"4,113",https://www.amazon.com/Morhuduck-Hoodies-Sweatshirt-Drawstring-Pullover/dp/B09BVM5MB3/ref=sr_1_3?crid=1V890I551MG9P&keywords=womens+clothes&qid=1644300524&sprefix=women%27s+clothes%2Caps%2C272&sr=8-3
Yeokou Women's Warm Sherpa Lined Athletic Sweatpants Jogger Fleece Pants,$37.99,4.3 out of 5 stars,"16,760",https://www.amazon.com/Morhuduck-Hoodies-Sweatshirt-Drawstring-Pullover/dp/B09BVM5MB3/ref=sr_1_3?crid=1V890I551MG9P&keywords=womens+clothes&qid=1644300524&sprefix=women%27s+clothes%2Caps%2C272&sr=8-3
Reosse Leggings for Women - 2 Pack High Waist Yoga Pants for Women,$25.99,4.3 out of 5 stars,"10,221",https://www.amazon.com/Morhuduck-Hoodies-Sweatshirt-Drawstring-Pullover/dp/B09BVM5MB3/ref=sr_1_3?crid=1V890I551MG9P&keywords=womens+clothes&qid=1644300524&sprefix=women%27s+clothes%2Caps%2C272&sr=8-3
"Dragon Fit Joggers for Women with Pockets,High Waist Workout Yoga Tapered Sweatpants Women's Lounge Pants",$28.98,4.3 out of 5 stars,"10,177",https://www.amazon.com/Morhuduck-Hoodies-Sweatshirt-Drawstring-Pullover/dp/B09BVM5MB3/ref=sr_1_3?crid=1V890I551MG9P&keywords=womens+clothes&qid=1644300524&sprefix=women%27s+clothes%2Caps%2C272&sr=8-3
Calvin Klein Women's 2 Pack French Terry Joggers,$36.74,4.3 out of 5 stars,252,https://www.amazon.com/Morhuduck-Hoodies-Sweatshirt-Drawstring-Pullover/dp/B09BVM5MB3/ref=sr_1_3?crid=1V890I551MG9P&keywords=womens+clothes&qid=1644300524&sprefix=women%27s+clothes%2Caps%2C272&sr=8-3
CNFUFEN Womens Tie Dye Sweatshirt Loose Pullover Long Sleeve Crewneck Tops,$26.99,4.3 out of 5 stars,184,https://www.amazon.com/Morhuduck-Hoodies-Sweatshirt-Drawstring-Pullover/dp/B09BVM5MB3/ref=sr_1_3?crid=1V890I551MG9P&keywords=womens+clothes&qid=1644300524&sprefix=women%27s+clothes%2Caps%2C272&sr=8-3
Neleus Women's Yoga Pant Running Leggings with Pocket Tummy Control High Waist,$37.86,4.3 out of 5 stars,"9,884",https://www.amazon.com/Morhuduck-Hoodies-Sweatshirt-Drawstring-Pullover/dp/B09BVM5MB3/ref=sr_1_3?crid=1V890I551MG9P&keywords=womens+clothes&qid=1644300524&sprefix=women%27s+clothes%2Caps%2C272&sr=8-3
JUST MY SIZE Women's Plus Size Active Pieced Stretch Capri,$17.22,4.3 out of 5 stars,"6,579",https://www.amazon.com/Morhuduck-Hoodies-Sweatshirt-Drawstring-Pullover/dp/B09BVM5MB3/ref=sr_1_3?crid=1V890I551MG9P&keywords=womens+clothes&qid=1644300524&sprefix=women%27s+clothes%2Caps%2C272&sr=8-3
Angashion Women's Sweaters Casual Long Sleeve Crewneck Color Block Patchwork Pullover Knit Sweater Tops,$33.99,4.3 out of 5 stars,"9,174",https://www.amazon.com/Morhuduck-Hoodies-Sweatshirt-Drawstring-Pullover/dp/B09BVM5MB3/ref=sr_1_3?crid=1V890I551MG9P&keywords=womens+clothes&qid=1644300524&sprefix=women%27s+clothes%2Caps%2C272&sr=8-3
Century Star Women's Fuzzy Hoodies Sport Pullover Hoodie Athletic Cozy Oversized Pockets Hooded Sweatshirt Fleece Hoodies,$26.99,4.3 out of 5 stars,"9,308",https://www.amazon.com/Morhuduck-Hoodies-Sweatshirt-Drawstring-Pullover/dp/B09BVM5MB3/ref=sr_1_3?crid=1V890I551MG9P&keywords=womens+clothes&qid=1644300524&sprefix=women%27s+clothes%2Caps%2C272&sr=8-3
Blooming Jelly Women's Cute Long Sleeve Top Loose Mama Bear Crewneck Pullover Sweatshirt,$27.99,4.3 out of 5 stars,"3,785",https://www.amazon.com/Morhuduck-Hoodies-Sweatshirt-Drawstring-Pullover/dp/B09BVM5MB3/ref=sr_1_3?crid=1V890I551MG9P&keywords=womens+clothes&qid=1644300524&sprefix=women%27s+clothes%2Caps%2C272&sr=8-3
KIKIWING Cropped Tank Top Longline Sports Bra 2 Pack Padded Sports Bra Tank Top Ribbbed Crop Top,$22.99,4.3 out of 5 stars,625,https://www.amazon.com/Morhuduck-Hoodies-Sweatshirt-Drawstring-Pullover/dp/B09BVM5MB3/ref=sr_1_3?crid=1V890I551MG9P&keywords=womens+clothes&qid=1644300524&sprefix=women%27s+clothes%2Caps%2C272&sr=8-3
"PUMA Women Sports Bra, 3-Pack",$29.82,4.3 out of 5 stars,21,https://www.amazon.com/Morhuduck-Hoodies-Sweatshirt-Drawstring-Pullover/dp/B09BVM5MB3/ref=sr_1_3?crid=1V890I551MG9P&keywords=womens+clothes&qid=1644300524&sprefix=women%27s+clothes%2Caps%2C272&sr=8-3
Hanes Women's EcoSmart Open Bottom Leg Sweatpants,$9.88,4.3 out of 5 stars,"52,822",https://www.amazon.com/Morhuduck-Hoodies-Sweatshirt-Drawstring-Pullover/dp/B09BVM5MB3/ref=sr_1_3?crid=1V890I551MG9P&keywords=womens+clothes&qid=1644300524&sprefix=women%27s+clothes%2Caps%2C272&sr=8-3
"RUNNING GIRL Sports Bra for Women, Criss-Cross Back Padded Strappy Sports Bras Medium Support Yoga Bra with Removable Cups",$18.99,4.3 out of 5 stars,"22,815",https://www.amazon.com/Morhuduck-Hoodies-Sweatshirt-Drawstring-Pullover/dp/B09BVM5MB3/ref=sr_1_3?crid=1V890I551MG9P&keywords=womens+clothes&qid=1644300524&sprefix=women%27s+clothes%2Caps%2C272&sr=8-3
Dragon Fit Compression Yoga Pants with Inner Pockets in High Waist Athletic Pants Tummy Control Stretch Workout Yoga Legging,$21.98,4.3 out of 5 stars,"6,550",https://www.amazon.com/Morhuduck-Hoodies-Sweatshirt-Drawstring-Pullover/dp/B09BVM5MB3/ref=sr_1_3?crid=1V890I551MG9P&keywords=womens+clothes&qid=1644300524&sprefix=women%27s+clothes%2Caps%2C272&sr=8-3
Padded Strappy Sports Bras for Women - Activewear Tops for Yoga Running Fitness Pack of 3,$28.99,4.3 out of 5 stars,"18,202",https://www.amazon.com/Morhuduck-Hoodies-Sweatshirt-Drawstring-Pullover/dp/B09BVM5MB3/ref=sr_1_3?crid=1V890I551MG9P&keywords=womens+clothes&qid=1644300524&sprefix=women%27s+clothes%2Caps%2C272&sr=8-3
Amazon Essentials Women's Active Sculpt Crop Maternity Leggings,$18.70,4.3 out of 5 stars,10,https://www.amazon.com/Morhuduck-Hoodies-Sweatshirt-Drawstring-Pullover/dp/B09BVM5MB3/ref=sr_1_3?crid=1V890I551MG9P&keywords=womens+clothes&qid=1644300524&sprefix=women%27s+clothes%2Caps%2C272&sr=8-3
esstive Women's Ultra Soft Fleece Color Block Lightweight Casual Active 1/4 Zip Up Pullover Hoodie Sweater,$29.00,4.3 out of 5 stars,"3,806",https://www.amazon.com/Morhuduck-Hoodies-Sweatshirt-Drawstring-Pullover/dp/B09BVM5MB3/ref=sr_1_3?crid=1V890I551MG9P&keywords=womens+clothes&qid=1644300524&sprefix=women%27s+clothes%2Caps%2C272&sr=8-3
CATHY Women's Summer Short Sleeve Pleated Blouse Loose Flowy Tunic Top for Leggings,$19.99,4.3 out of 5 stars,"6,030",https://www.amazon.com/Morhuduck-Hoodies-Sweatshirt-Drawstring-Pullover/dp/B09BVM5MB3/ref=sr_1_3?crid=1V890I551MG9P&keywords=womens+clothes&qid=1644300524&sprefix=women%27s+clothes%2Caps%2C272&sr=8-3
ANFTFH Womens Casual Shorts Summer Drawstring Elastic Waist Comfy Short with Pockets,$23.99,4.3 out of 5 stars,"2,320",https://www.amazon.com/Morhuduck-Hoodies-Sweatshirt-Drawstring-Pullover/dp/B09BVM5MB3/ref=sr_1_3?crid=1V890I551MG9P&keywords=womens+clothes&qid=1644300524&sprefix=women%27s+clothes%2Caps%2C272&sr=8-3
SMENG Womens Casual Crewneck Sweatshirt Striped Long Sleeve Side Split Pullover Tops,$26.99,4.3 out of 5 stars,212,https://www.amazon.com/Morhuduck-Hoodies-Sweatshirt-Drawstring-Pullover/dp/B09BVM5MB3/ref=sr_1_3?crid=1V890I551MG9P&keywords=womens+clothes&qid=1644300524&sprefix=women%27s+clothes%2Caps%2C272&sr=8-3
